inc,1,2,3,4,5,6,7,8,9,10,11,12,13,14,15,16,17,18,19,20,21,22,23,24,25,26,27,28,29
0,8.85934796753384e-07,0.0,0.0,0.0,0.0,0.0,0.0,0.0,0.0,0.0,0.0,0.0,0.0,0.0,0.0,0.0,0.0,0.0,0.0,0.0,0.0,0.0,0.0,0.0,0.0,0.0,0.0,0.0,8.859347958829691e-07
1,0.0002280354495209397,0.00022953073485709605,0.00022228239586160865,0.0002126179438676258,0.000202953491873643,0.0001944970963789076,0.00018483264438492471,0.0001763762488901897,0.00016671179689620644,0.00015825540140147157,0.00014979900590673628,0.00014013455391275362,0.00013167815841801835,0.00012322176292328248,0.00011476536742854891,0.00010630897193381312,9.664451993982942e-05,8.939618094434216e-05,7.973172895036028e-05,7.127533345562466e-05,6.281893796088944e-05,5.557059896540249e-05,4.590614697141859e-05,3.7449751476683615e-05,3.0201412481196834e-05,2.0536960487212884e-05,1.2080564992479098e-05,4.83222599699164e-06,1.7425546715578007e-07
2,0.0005046670634084093,0.0005194642946765857,0.00048684676919689306,0.00044818896122096087,0.0004131553227427732,0.0003889941927578154,0.0003696652887698491,0.00035275249778037916,0.00033342359379241336,0.0003165108028029429,0.0002995980118134731,0.00028147716432475425,0.00026335631683603475,0.0002464435258465669,0.00022832267835784753,0.00021140988736837764,0.00019449709637890713,0.00017758430538943797,0.00016067151439996903,0.0001437587234104967,0.00012563787592177834,0.00010993314143155561,9.181229394283784e-05,7.610755945261487e-05,5.919476846314587e-05,4.1073920974427476e-05,2.5369186484206658e-05,8.45639549473597e-06,3.1736095590774663e-07
3,0.0008977844430810355,0.0009422840694133415,0.0008963779224419213,0.000840807323476521,0.0007852367245111168,0.0007308741820449633,0.00067651163957881,0.0006221490971126556,0.0005689946111457486,0.0005158401251788414,0.00046268563921193697,0.00041557143574126896,0.00038174585376232783,0.0003563766672781232,0.0003322155372931644,0.0003068463508089597,0.00028147716432475387,0.0002573160343397979,0.00023194684785559432,0.00020778571787063505,0.00018362458788567763,0.00015946345790071817,0.0001340942714165169,0.00011114119793080563,8.577201144659776e-05,6.161088146164262e-05,3.744975147668149e-05,1.2080564992478534e-05,1.0337116746540335e-06
4,0.0012096386653960432,0.002035575201232667,0.001535439810544048,0.0011754389737681818,0.0011065797533110538,0.0010365124763546765,0.0009688613123967941,0.0009000020919396652,0.0008323509279817848,0.0007659078205231517,0.0006994647130645188,0.0006342296621051358,0.0005677865546465,0.0005037595601863634,0.0004385245092269768,0.00039020224925706234,0.0003575847237773699,0.0003273833112961769,0.0002959738423157309,0.0002657724298345288,0.00023436296085408567,0.0002041615483728919,0.0001727520793924428,0.00014375872341049648,0.0001123492544300551,8.09397854496071e-05,4.9530316469163316e-05,1.6912790989468328e-05,9.399292592154133e-07
5,0.001673626809625349,0.0038247068766187656,0.0031228260505557523,0.002261481766592019,0.0015728895620207301,0.0011899356517591551,0.0011126200358072948,0.0010437608153501612,0.0009761096513922843,0.0009072504309351546,0.0008408073234765209,0.0007743642160178839,0.0007091291650585077,0.0006426860575998667,0.0005786590631397276,0.0005134240121803462,0.00044818896122096494,0.0003986586447517984,0.0003636250062736066,0.0003310074807939173,0.00029597384231572844,0.00025731603433979934,0.00021865822636386043,0.00017758430538944133,0.00013892649741350168,9.906063293832566e-05,6.0402824962398655e-05,1.9328903987965337e-05,2.2292531032984758e-07
6,0.0017949471994175925,0.004875716030964416,0.004258399159848756,0.003221886683494082,0.002445106354477698,0.0018567828393439814,0.001379600522141069,0.0011633584087756999,0.0011053716968118118,0.0010473849848479054,0.0009918143858825086,0.0009338276739186082,0.0008794651314524522,0.0008251025889863006,0.0007695319900208952,0.0007163775040539899,0.0006535585660930992,0.0005738268371427436,0.00048443065619839293,0.00040469892724804424,0.00035033638478188515,0.00030322218131121525,0.00025731603433980205,0.00021140988736837685,0.00016429568389771104,0.00011718148042704139,7.006727695637283e-05,2.416112998496342e-05,1.1735314906487044e-06
7,0.0018008989446185797,0.005265918280221481,0.004890212708955392,0.004039740933484891,0.003243631700480536,0.002648059846351344,0.002222823958616092,0.001814500861870301,0.001415842217118508,0.0011996001037531383,0.001156110069780215,0.001118660318303537,0.0010800025103276008,0.0010425527588509168,0.0009990627248779886,0.0009289954479216126,0.000831142871482539,0.0007248338995487247,0.0006185249276149155,0.0005097998426826035,0.0004167794922405132,0.0003491283282826312,0.0002959738423157238,0.000242819356348828,0.00018845681388266093,0.00013409427141651328,8.21478419488565e-05,2.6577242983462242e-05,2.0568220862670442e-07
8,0.0017961081307471085,0.00536860308265755,0.005205515455259088,0.004577326075650192,0.0039974589560112074,0.0034671221528413923,0.003006852626627952,0.002675845145834037,0.002430609676486717,0.002201078941629631,0.0019860448847635,0.001783091392889867,0.0015922184660086827,0.0013868488611365598,0.0012104726122463682,0.0010969153013170685,0.000983357990387773,0.0008637603969622447,0.0007429547470374327,0.0006233571536119004,0.0005013434471878587,0.0004010747577502951,0.0003322155372931662,0.0002718127123307765,0.0002126179438676252,0.00015100706240598862,9.060423744360071e-05,3.0201412481205978e-05,6.791543545440949e-07
9,0.0017960573357367895,0.005595717704516152,0.0055606840660379605,0.005055716449352352,0.0046075274881313905,0.004211284956378089,0.003863364684594708,0.0035601425032834814,0.003296786186447453,0.0030720876775873394,0.0029017517111933977,0.002796650795758834,0.002721751292805452,0.002603361755879171,0.0021394680601679876,0.0014871175505741365,0.0011114119793080538,0.0009845660468870193,0.0008528878884689966,0.0007212097300509874,0.0005895315716329609,0.00045906146971419834,0.00036362500627360177,0.00029718189881498196,0.0002319468478555836,0.0001655037403969611,9.906063293832665e-05,3.3825581978930104e-05,6.070572301067428e-07
10,0.00179769626829161,0.0058518256823567,0.005904980168323608,0.005479744280588354,0.005117327330813993,0.004812897093003533,0.00456524551065772,0.004367124244781065,0.004220949408372068,0.004120680718934506,0.004068734289466843,0.004062694006970597,0.004094103475951043,0.003894774153575146,0.003169940254026419,0.0022373206366070554,0.0014689967030854102,0.0010896669623215744,0.0009519485214073265,0.0008093978544960793,0.0006668471875848254,0.000523088464174329,0.00040469892724804874,0.0003201349723006847,0.00024885963884506516,0.0001787923618886841,0.00010751702843306993,3.503363847819053e-05,1.0812901411919062e-06
11,0.0017999022821498071,0.006132094790182207,0.006266189061598719,0.0059158526768168405,0.005631959399493585,0.005412093116630476,0.005255045771728251,0.005158401251788412,0.005118535387313249,0.005137864291301215,0.005216387963752319,0.005352898348167323,0.005531690710056016,0.0052816230147117,0.0044009498267599985,0.003226718909491072,0.002091145800198072,0.001344566883662888,0.0010461769283486386,0.0008951698659426775,0.000742954747037465,0.0005895315716329411,0.00044698090472170736,0.00034308804578640117,0.0002669804863337795,0.00019087292688115676,0.0001147653674285592,3.865780797590651e-05,9.550754302509051e-07
12,0.0018011538024104313,0.006364041638037799,0.006586324033899405,0.00631692743456713,0.006121222281688974,0.005995584405767204,0.00593638963730405,0.005946054089298041,0.006022161648750651,0.006169544541658902,0.006384578598525006,0.006672096045346018,0.006889546215210621,0.0065307534349339745,0.005573972687529691,0.004306721419818664,0.0029802753836445056,0.0017782591668928642,0.0011355731092929978,0.0009785257643907808,0.000815438136992301,0.0006523505095938455,0.00048805482569615167,0.0003648330627728685,0.00028389327732324424,0.00020295349187363519,0.00012201370642404276,3.986586447516925e-05,1.1219333571138143e-06
13,0.00180234349122914,0.006595988485893388,0.0069064590062000945,0.006721626361815167,0.006615317389881349,0.00658269986440167,0.006626189898374581,0.0067433713788016296,0.006940284588179025,0.007214513413508298,0.007569682024287177,0.008013038759511143,0.008251025889862968,0.007776259685658571,0.006737331096305377,0.005439878416113175,0.00394792863954207,0.002520005857431036,0.0015197350760538266,0.001057049436841904,0.0008879215269471951,0.0007139613910554776,0.0005412093116630422,0.0003986586447517999,0.0002995980118134684,0.00021503405686612727,0.00012926204541951168,4.2281977473680526e-05,3.698185893495299e-07
14,0.00182337718096457,0.00686900925472341,0.007250755108485736,0.007128741402061698,0.007086459424588028,0.007126325289063214,0.007245922882488754,0.007450084430861638,0.007737601877682633,0.008113307448948713,0.008691966512088463,0.009677740615474715,0.010020828661261118,0.00907612847884928,0.007783508024654044,0.0064945117399565705,0.004986857228895234,0.0033704776329015734,0.0018942325908206687,0.0011307408832960044,0.0009555726909050513,0.0007731561595186483,0.0005895315716329691,0.00043006811373225476,0.0003153027463036761,0.0002246985088600991,0.0001365103844150128,4.469809047215414e-05,4.0587884257841344e-08
15,0.0018747226567426207,0.007216929526506796,0.007643373470741298,0.007545520894302216,0.00753344032930974,0.007607131775763858,0.00776659523366457,0.008015454872509646,0.008356126805297546,0.009065255970356042,0.010380829498036969,0.01169519496921868,0.01170727553421114,0.01060794411989558,0.008979483958909441,0.007470621391348861,0.005975047445279993,0.00423182191686529,0.002565912004402509,0.0014605403075906905,0.0010171835723667153,0.0008287267584840487,0.0006378538316028938,0.00045906146971418354,0.0003297994242946584,0.00023557101735333615,0.00014134261041199136,4.711420347067296e-05,5.776933041794456e-07
16,0.0019186620162027989,0.007517735594819519,0.007982837347029946,0.007909145900575829,0.00792485063506605,0.008031159606999863,0.008229280872876516,0.008519214432696003,0.009262169179733453,0.010576534650915114,0.012149424212935862,0.013249963683750695,0.013152111107311616,0.012116806687456173,0.010337339464064068,0.008499885528708038,0.006884713989213632,0.005134240121803495,0.0032907459039511777,0.0017710108278973888,0.0010751702843306288,0.0008818812444509867,0.0006813438655757926,0.000488054825696151,0.0003430880457863821,0.0002452354693473365,0.00014738289290824208,4.9530316469159724e-05,6.967349157224945e-07
17,0.0019639322920493108,0.007932098974061537,0.008253442002861475,0.00820270362989306,0.008248609776864485,0.008385120161279482,0.008664181212605752,0.009363645925670273,0.010545125181934692,0.01205157163649677,0.013777884373922014,0.014755202081813504,0.014600570849909842,0.013571306712550602,0.011881235670102849,0.009744183722933335,0.007758138838169862,0.006035450270242402,0.004022828142495392,0.0021467163991634843,0.0011947678777561568,0.0009338276739186017,0.000726041956047976,0.000517048181678114,0.0003600008367758022,0.00025610797784057034,0.00015342317540451846,5.0738372968415925e-05,4.3688600767807236e-08
18,0.00200172005436256,0.008299348149832892,0.008468476059727593,0.008444314929742633,0.008515590263198257,0.008755993506548584,0.009364853982169526,0.010374789215540749,0.011703651364713397,0.013390098237663434,0.015280706658986369,0.01617950069442676,0.015993459993542607,0.01496540391268267,0.013281373152731105,0.011133448697068392,0.008828476896503444,0.006832767559745963,0.0048213534884983126,0.0027797380047693385,0.0014569161380929006,0.0009809418773892966,0.0007683239335216332,0.0005508737636570224,0.00038053779726310576,0.0002645643733352585,0.00015946345790068703,5.315448596687754e-05,7.099001448270759e-07
19,0.0020286171323709596,0.008578409201159149,0.00864002008262079,0.008643644252118542,0.008840557461495938,0.00935398147367629,0.01018754045815732,0.011331569962945064,0.012824727796015414,0.014706879821843629,0.016733998627581542,0.017578430120555814,0.017380308854679165,0.01635708499981615,0.014656141448875174,0.012563787592177893,0.009976130570788928,0.007613172058260101,0.005617462721502635,0.0034091354408775044,0.0017178563419304725,0.0010280560808598983,0.0008093978544960728,0.0005846993456360039,0.0004010747577503275,0.0002730207688299849,0.00016550374039699727,5.436254246614195e-05,1.924756252726728e-08
20,0.0020362649591918894,0.008718543755071903,0.008809147992515491,0.008928745585941028,0.009321363948196599,0.010001499757273137,0.010986065804160174,0.01231009572733584,0.014008623165278322,0.016116681756465877,0.01813413611020986,0.018941117851707413,0.01877682216780968,0.017774135273433946,0.016056278931503527,0.01395305256631297,0.011315865228454815,0.00863881202612153,0.006386994711523522,0.004040948989984116,0.001981212658766491,0.0010775863973291283,0.0008504717754705121,0.000618524927614902,0.00042040366173822435,0.00028268522082400304,0.00017033596639394932,5.677865546461766e-05,3.142539311459077e-07
21,0.002037945726251666,0.008811564105513989,0.009027806218879355,0.009264585292731943,0.009782841530909277,0.01060190383739934,0.011748349455185573,0.013251171740249928,0.015163525178559284,0.017498698391605446,0.019499239954359933,0.020268771944380832,0.02013105350346658,0.019151319682576558,0.017415342493157314,0.015279498602487115,0.012680969072604931,0.009705525914957401,0.00710820444157446,0.004734373420552458,0.0023992002075062897,0.0011923517647576213,0.0008903376399456729,0.0006511424530946029,0.00043973256572624127,0.0002911416163187627,0.00017637624889013084,5.798671196385113e-05,3.56804145477476e-07
22,0.002039679164675295,0.008902168342957581,0.009247672501742472,0.009598008886524357,0.010243111057122722,0.011202307917525528,0.012504592823714755,0.014191039696664758,0.01631238690934405,0.01887346668774955,0.020860719629012286,0.021587969641559488,0.021478036500127914,0.02051763158322586,0.018764741602817176,0.01659507213016806,0.0140194956737716,0.010798817046776736,0.007886192827090119,0.005432630077117726,0.0029440336886670596,0.0014122180476207444,0.0009277873914223669,0.000682551922075066,0.00045906146971420484,0.0002995980118135041,0.0001812084748871423,6.0402824962441406e-05,3.3049032183947735e-07
23,0.002041481539883035,0.008996396749898912,0.009469954897604079,0.009938680819312262,0.010711836978830897,0.011813584506144956,0.01327654092673414,0.015147820444069081,0.017482993657115233,0.020274812226877048,0.02224515237715037,0.022928912355724605,0.022845556457276546,0.021905688500861727,0.020138301842462007,0.01793359873133467,0.015318156410463055,0.012120430856953912,0.00890216834295755,0.00610793366019727,0.0034900752263270505,0.0016345004434824004,0.0009652371428990904,0.0007151694475547557,0.00047839037370211215,0.0003080544073082306,0.00018604070088423837,6.161088146164298e-05,8.121146357329961e-07
24,0.0020426116501092452,0.009080960704846264,0.009680156728473211,0.01026727218710768,0.011172106505044336,0.01241761275576889,0.01404486486025578,0.016100977021975653,0.01865118429188791,0.021635083845030195,0.02358005480881926,0.024237237544410067,0.02418649917144163,0.023264752062515544,0.021482868726124957,0.01924434003301861,0.016590239904171078,0.013415467424147664,0.009896398841838525,0.006769948621785106,0.004024036198994649,0.0018519506133470045,0.0010026868943757289,0.0007465789165351893,0.0004977192776900323,0.00031651080280290596,0.00019087292688113873,6.281893796090706e-05,6.649007088408531e-07
25,0.002042116482529901,0.009134115190813172,0.009861365203360393,0.010584991046409876,0.011637208257254764,0.0130433860223793,0.014850638545254117,0.017112120311846113,0.019897898599111744,0.022949449316211862,0.02484730607653025,0.02552744188560683,0.025525025772608397,0.024625023680668705,0.022826227553288555,0.02055508133470263,0.017861115341379786,0.014708087878342898,0.010891837397218789,0.0074271313573759405,0.004576118019150899,0.002091145800198097,0.0010401366458523513,0.0007767803290163968,0.000517048181678115,0.00032496719829767625,0.00019570515287808756,6.523505095939073e-05,7.58952042893694e-07
26,0.0020416267445303193,0.00918847773327933,0.01004015756524908,0.010902709905712061,0.012098685839967451,0.013666743175991194,0.015652788060754697,0.01811843137571958,0.02113736456734008,0.02425777450489728,0.026103684835748032,0.026807981774809565,0.026851471808782508,0.0259707986208308,0.024155089702461212,0.02185011790189639,0.019116286044098298,0.01592097660358769,0.012115598630956946,0.008333173731811739,0.0051753140427778475,0.002418529111494271,0.0010751702843306901,0.0008069817414975043,0.0005351690291668521,0.0003334235937924104,0.00020053737887512922,6.644310745860678e-05,8.885765291612497e-07
27,0.002041144831919617,0.009242840275745477,0.010220157983637014,0.011218012652015752,0.01256016342268014,0.014287684216604606,0.016453729519756037,0.019122326326594594,0.022374414422569877,0.025560059411086522,0.027358855538466564,0.0280836894380153,0.028173085618959707,0.02731053327849669,0.025475495456139162,0.02313911418659373,0.02036300035132218,0.017124200876838604,0.013321239017206245,0.009254920840737906,0.0057600133884139265,0.002853429451223432,0.0012237612337380474,0.0008359750974795491,0.000555705989654103,0.0003455041587848878,0.0002053696048721209,6.765116395779202e-05,2.4000331870568713e-07
28,0.002040658634854307,0.009298410874710887,0.010398950345525694,0.011534523454818693,0.013021641005392826,0.01491104137021651,0.017253462922258128,0.020127429333968817,0.023613880390798193,0.026865968486773483,0.028614026241185107,0.029360605157720307,0.02949590748563606,0.028651475992661882,0.02679831732281561,0.024428110471291176,0.021612130771544523,0.018328633206588774,0.014528087459954965,0.010175459893164778,0.006343504677550569,0.003312490920937753,0.0014049697086252798,0.0008649684534615938,0.0005786590631397242,0.00035758472377729833,0.00021020183086913462,7.00672769563849e-05,5.28442986510064e-07
29,0.0020401722473270107,0.009352773417177034,0.010578950763913629,0.011849826201122399,0.013484326644604767,0.015533190467329165,0.018055612437758717,0.02113253234134304,0.02485213830252726,0.028171877562460423,0.029870405000402896,0.03063872893392452,0.030819937408811764,0.02999241870682694,0.028122347245991254,0.025718314812487927,0.0228612611917667,0.01953306553633881,0.01573493590270357,0.01109720700209092,0.006928204023186629,0.0037703443341525044,0.0015861781835124545,0.0008951698659427784,0.0006004040801262215,0.00037087334526920735,0.00021503405686612646,7.127533345557683e-05,1.2597432977443434e-06
30,0.002039684004257611,0.009405927903143943,0.010758951182301557,0.012166337003925342,0.0139470122838167,0.01615413150794257,0.018857761953259305,0.022136427292218035,0.026090396214256326,0.029476578581648132,0.031124367646622176,0.031914436597130294,0.03214155121898899,0.031330945307993574,0.029440336886670727,0.02700489498418701,0.024107975498990547,0.02073266564009205,0.016911582932970987,0.012140967817441114,0.007662702374729333,0.004212493012877273,0.0017661786019004919,0.0009229551654253261,0.000624565210111131,0.00038295391026157,0.00021986628286316557,7.248338995487631e-05,1.2251072216601707e-06
31,0.0020390373583836037,0.009456666276112356,0.010932911318193253,0.012479223637230537,0.014409697923028639,0.016781112831052224,0.019665951751256128,0.023152402808085497,0.027327446069486158,0.03076678292284483,0.03237349806684452,0.03318652009083828,0.033459540859668416,0.03266584773966251,0.03075470235785237,0.02828543487338974,0.025348649523718188,0.021929849630846633,0.018060444663755684,0.01328016509623188,0.008510758037201199,0.0046413530701103645,0.0019425548507906267,0.0009519485214073718,0.0006463102270975862,0.00039624253175331634,0.00022349045236089767,7.489950295328178e-05,2.6900336876403438e-08
32,0.00203724698329294,0.009479619349598066,0.011065797533110527,0.012777613592544762,0.014880839957735315,0.017438295566643055,0.02052971214821835,0.024250526165901818,0.02857657648970844,0.03197725553509117,0.033591219018086385,0.034456187471547856,0.03477873855684701,0.03399833405833291,0.03206785977253478,0.029563558649593914,0.02658811549194647,0.023124617508602906,0.019205682225042767,0.01441332209252631,0.009352773417177107,0.00513544817830274,0.0021841661506401193,0.0009797338208900237,0.0006692633005833374,0.00040832309674581615,0.00022832267835783726,7.610755945259618e-05,1.2606143612130658e-06
33,0.00203545791161148,0.009502572423083775,0.011199891804527034,0.013076003547858988,0.015349565879443475,0.01809668635873314,0.02139468060167984,0.025348649523718146,0.02982449885343149,0.033186520090838334,0.03481014802582749,0.03572585485225738,0.03609672819752646,0.03533323649000178,0.03337980913071797,0.030840474369299046,0.02782637340367557,0.024316969273360457,0.02034971172983046,0.015546479088820848,0.010189956571155755,0.005654912472979303,0.0024608110889678928,0.0010075191203727729,0.0006910083175697871,0.00042161171823749315,0.0002331549043548179,7.731561595186043e-05,1.5352052769959312e-06
34,0.0020336688357629395,0.009524317440070236,0.011335194132442798,0.013373185446673968,0.015820707914150155,0.018753869094323992,0.022259649055141297,0.02644798093803369,0.031073629273653796,0.03439699270308471,0.036027868977069354,0.03699793834596537,0.03741471783820587,0.036666930865171386,0.034692966545400564,0.03211859814550323,0.029064631315404578,0.025510529094617297,0.021494949291117362,0.016679636085115364,0.01102834778163387,0.0061731687111566255,0.0027386640837949636,0.0010353044198553962,0.0007127533345562214,0.0004336922832299047,0.00023798713035200057,7.973172895047096e-05,2.3968213726899687e-07
35,0.0020318689380621384,0.009547270513555946,0.01146928840385931,0.013671575401988186,0.016291849948856824,0.019413467942913324,0.023125825565102044,0.02754731235234925,0.032325175806874586,0.035608673371830296,0.03725042215430822,0.03827002183967336,0.03873633164838306,0.038003041353339595,0.036008540073081394,0.033399138034706,0.030305305340132174,0.026706505028872708,0.022641394908903555,0.01781400113790926,0.011866738992111851,0.006691424949333984,0.0030551748865978046,0.0010920830753200451,0.0007357064080419851,0.00044577284822238636,0.00024281935634885965,8.093978544966332e-05,9.218247462086843e-07
36,0.002030100794427466,0.009569015530542409,0.011600966562277328,0.013963925074806175,0.016755743644568,0.0200585701135117,0.023975089284073277,0.028627314862676875,0.033548937040612674,0.036791360684593995,0.038439149749568115,0.03950827975140253,0.04002291182008204,0.03930049403353189,0.03728545579278638,0.03464102011593279,0.03150611350038452,0.02786503121165145,0.023750390775213244,0.018885547252742028,0.012792110270535641,0.0073606882499173635,0.0034187998928714167,0.0012334256857320471,0.0007562433685292179,0.0004578534132149159,0.00024644352584656806,8.335589844805096e-05,2.2164500539747478e-07
37,0.0020283076138163025,0.009593176660527364,0.011738685003191585,0.01426593919961814,0.01723292596177093,0.02072541730109652,0.024852138302527232,0.029738726841984923,0.03481256413882598,0.03801391386183284,0.039666535152803946,0.040783987414608196,0.041337277291263755,0.04062210784370905,0.03857928430348088,0.035901023044648255,0.032723834451626424,0.029036846015921883,0.024876299432512218,0.01995467725457632,0.013831038859888912,0.008110891335950183,0.0037775926731480757,0.0013771844091424897,0.0007755722725171446,0.00047114203470659136,0.00025127575184367447,8.335589844807815e-05,8.632519692371999e-07
38,0.0020265039846734884,0.00961733779051232,0.011875195387606594,0.014570369437428596,0.017711316335473078,0.021393472545180592,0.025730395377480474,0.03085255493429145,0.036079815406536965,0.03924009120856946,0.04090116889503523,0.04206935952980797,0.042666139440436325,0.04195096999288173,0.03988036115317074,0.03716102597336388,0.03394517957236607,0.03021470110268856,0.026004624202809745,0.021026223369409312,0.014874799675238935,0.008863510534981684,0.00413759350992401,0.0015185270195544973,0.0007985253460027979,0.00048201454319995074,0.0002548999213413368,8.577201144658805e-05,5.776557895222715e-07
39,0.002024762727270836,0.00964149892049728,0.012011705772021606,0.014868759392742828,0.018181250313680505,0.022049447224272194,0.026591739661444198,0.031947054122610036,0.03732048943126456,0.04043727519932411,0.042105601224785426,0.04332332217602724,0.04396238406412929,0.04324963072957313,0.041147612420881864,0.0383932436025967,0.03513390716762581,0.03136114672047476,0.02710395561712537,0.022072400297757876,0.015890775191106567,0.00959680083002503,0.004489137951205216,0.0016574535169680135,0.0008178542499908621,0.0004940951081923386,0.0002597321473382606,8.698006794586314e-05,4.582144587748259e-07
40,0.002022907722108041,0.00966445199398299,0.012150632269435115,0.015175605743551783,0.018665680969878903,0.022725958863850978,0.027480869244890634,0.03307537889290754,0.038601029320467266,0.04167311699805466,0.04334265108001518,0.044606278178228535,0.04529245426980136,0.04458453316124202,0.04244748121407249,0.03964962236181451,0.03635162811886782,0.03253416958124449,0.02822865621792509,0.023140322243093054,0.016930911836958915,0.010345795859558726,0.004847930731481636,0.0018000041838794234,0.0008395992669772525,0.0005049676166855658,0.000264564373335171,8.818812444511943e-05,9.548700280379442e-07
41,0.002021087459648975,0.009687405067468697,0.012285934597350872,0.015475203755365248,0.019139239117584066,0.023386765768939576,0.028350669924349096,0.03417954253322009,0.03985620002318584,0.04288721377979875,0.044565204257254055,0.04587594555893798,0.04660198751498596,0.04589406640642663,0.043720772764279776,0.040880631934548155,0.03753914765762835,0.03368061519903075,0.029327987632240662,0.02418529111494241,0.01794567929632701,0.011079086154602336,0.005199475172763102,0.0019377226247934214,0.0008601362274644462,0.0005170481816780966,0.0002693965993322112,8.939618094446617e-05,1.7972110065753327e-07
42,0.002019258430102385,0.009711566197453655,0.012421236925266638,0.015774801767178725,0.01961158920878999,0.024049988787026653,0.02922047060380758,0.035283706173532665,0.04111137072590433,0.04410131056154292,0.04578775743449287,0.04714923710914523,0.04792118521216465,0.04721930438610167,0.04500252070998172,0.042112849563780884,0.03872787525288841,0.03482464470381848,0.03042490293355768,0.025229051930292536,0.018959238699196232,0.011806336167149387,0.005619878834501018,0.0021382600036685766,0.0008794651314524465,0.0005291287466706496,0.00027302076883000027,9.060423744357988e-05,1.0356787846064618e-06
43,0.0020174060285709653,0.009735727327438616,0.012557747309681644,0.016081648117987693,0.020096019864988393,0.02472408431360698,0.03010839213075474,0.03641323900032942,0.04239191061510712,0.0453419845862704,0.04703447174171672,0.04844910590233593,0.049268168208826076,0.04857111960875998,0.046310845898667186,0.04336922832299874,0.039939555921633924,0.03599041922559251,0.031542355195362005,0.026292141649630642,0.019990918949553734,0.012545666744689161,0.006054779174230236,0.0023617504560297683,0.0009000020919396867,0.0005412093116628058,0.000276644938327785,9.30203504423094e-05,9.503394906389612e-07
44,0.002014206687295895,0.009736935383937861,0.01265439182962147,0.016365541395310938,0.020582866634185265,0.025429589309167736,0.03105309231316657,0.03757418129610661,0.04357338987137157,0.04651983967303709,0.04825219269295861,0.04972239745254325,0.05058857396250393,0.049899981757932727,0.04760467440936176,0.044608694291226984,0.04112586740389543,0.0371308245608826,0.03263564632718146,0.027331070238983866,0.020988773617932707,0.01335868876868305,0.006541625943427332,0.0025767845128956473,0.0009193309959276689,0.0005520818201564382,0.00028268522082400597,9.302035044209953e-05,9.957690323763611e-08
45,0.0020107858236822285,0.009735727327438612,0.012744996067065063,0.01664701855963571,0.021072129516380655,0.02613992653072549,0.03200866500407166,0.038744788043877786,0.04474520467564198,0.04769165447730763,0.04946870558770118,0.05099689705924975,0.051908979716181844,0.05123126002010385,0.04889971097655542,0.04584695220295611,0.04230855471665909,0.03826881378317402,0.03372531328950289,0.02836637465883928,0.021961259099827116,0.01428406004710694,0.007196392566019564,0.0027785299482702367,0.0009410760129140732,0.0005629543286494963,0.0002863093903219056,9.422840694123914e-05,1.1401244695422896e-06
46,0.002007280697346279,0.009734519270939365,0.012835600304508655,0.016933327949957454,0.021569848794070794,0.026865968486773445,0.032981150485966206,0.03993713980863546,0.04592910004490485,0.048876757903069716,0.050699715160434776,0.052283477230948665,0.05323180158285827,0.052551665773781724,0.050186291148254486,0.04707675371919037,0.0434839936904272,0.03939351438397383,0.034804107743331314,0.029389598513702122,0.02292287207322831,0.01519855881703764,0.007843910849616338,0.0029802753836445693,0.0009591968604028569,0.0005750348936419138,0.0002899335598193379,9.664451993986332e-05,6.663224269182629e-07
47,0.0020038304988195177,0.009733311214440118,0.012932244824448493,0.01722567762277542,0.022076024467255654,0.027598050725317666,0.03396330041985472,0.04114036408188632,0.047131116261656524,0.05007877411982138,0.051947637524157875,0.0535893863066357,0.05457395235352275,0.05388173597945371,0.05147287131995336,0.048312595517920984,0.044659432664195496,0.04051579887177516,0.035878069971162545,0.030410406255566708,0.023882068933631255,0.016110641473969522,0.008490221076714264,0.003180812762519552,0.0009797338208901187,0.0005859074021351495,0.0002935577293170124,9.785257643906887e-05,4.722984432979157e-07
48,0.002000378055018332,0.009732103157940871,0.01302647323138982,0.01752044340859191,0.022580992083941258,0.02833134102036111,0.03494665841024251,0.042343588355137206,0.04833313247840815,0.05128320644957151,0.05319555988788081,0.05489650343882182,0.05591851923718565,0.05521059812862636,0.05276186760465081,0.04954964537315088,0.0458348716379635,0.04163929141607567,0.036953240255493194,0.03143242205393067,0.024842473850533127,0.017023932187401086,0.009136531303811639,0.0033813501413947305,0.0009990627248781146,0.0005967799106284018,0.0002983899553141373,9.906063293827067e-05,1.0812760877079365e-06
49,0.001996934012948582,0.009730895101441624,0.013121909694830408,0.017814001137909142,0.02308716775712613,0.029064631315404578,0.035931224457129506,0.04354681262838811,0.04953514869515989,0.0524852226663231,0.05444348225160385,0.05620241251450876,0.05726671029034627,0.056553956955789866,0.05405690417184465,0.05079031939787841,0.04701635089422788,0.0427627839603761,0.03802720248332454,0.03245202173929571,0.025799254597937596,0.01793480678783411,0.009780425417910521,0.0036024244807572356,0.001034096363356295,0.0006088604756210182,0.0003020141248120419,0.00010026868943762541,1.1949687783174697e-06
50,0.001993402734933548,0.009729687044942375,0.013218554214770233,0.01811359914972261,0.023603007882304988,0.029813626344938282,0.03693270329500601,0.04477298997512468,0.05074441325090696,0.05368723888307479,0.05568536433283069,0.05750348936419885,0.058610069117509794,0.057896107726454434,0.05534831656954051,0.05203099342260583,0.048196622093993176,0.04388265233517894,0.03909391637216069,0.03346316502916613,0.026749995062845817,0.01883722499277203,0.010417071193014325,0.003881485532083367,0.0011391972787905627,0.0006221490971127216,0.00030805440730827087,0.00010268480243584758,2.1510247439105624e-06
51,0.001989753789461715,0.009728478988443132,0.013315198734710059,0.01841078104853759,0.0241188480074838,0.030565037487470442,0.037941430471877986,0.046007623717356,0.05197783893663898,0.054920664568806815,0.05695623977003945,0.05882147900487826,0.059961884340168255,0.05924067461011721,0.05664576924973283,0.053271667447333394,0.049376893293758356,0.045000104596983434,0.04016063026099645,0.03447551637553577,0.02769952747125462,0.01973964319771042,0.011053716968118051,0.004161754639909017,0.0012442981942252886,0.000635437718604543,0.0003153027463038048,0.00010268480243605644,9.693363039298812e-08
52,0.001986192262973704,0.00972727093194388,0.013407011028652903,0.018701922664856332,0.024623815624169397,0.03129711972601464,0.038925996518765035,0.047214472160104604,0.05318106320988989,0.05612388884205777,0.05820537019026172,0.060126180024065945,0.061308867336829595,0.06057678509828547,0.05792510108243635,0.054484556172578254,0.05052937919404084,0.046093395728802514,0.04120076690684877,0.03546249853542124,0.028626106806177515,0.020620316385661922,0.011673449952232151,0.004433567352239659,0.001346982996661511,0.0006487263400961962,0.00032134302879987034,0.00010510091543465217,1.2753090266252433e-06
53,0.0019825576928446326,0.00972606287544463,0.01350244749209349,0.018997896507172055,0.02513965574934826,0.03204732281204759,0.03993230758263846,0.048446689789337465,0.05441207278262347,0.05735369035829201,0.05947986979696826,0.06146108245573486,0.06268725980247142,0.06195034533793026,0.059234634327621015,0.05572764631030446,0.05171689873280145,0.047218096329602395,0.04226385662618679,0.03646880959929465,0.029570806988589573,0.021519110421102355,0.012307679614337484,0.004711420347066725,0.0014496677990976524,0.0006620149615877563,0.0003297994242947743,0.00010510091543470672,1.8383127186107622e-06
54,0.001978921437014914,0.009724854818945384,0.013597883955534067,0.019296286462486285,0.025654287818027848,0.0327975258980805,0.040939826703011196,0.04968132353156878,0.05564308235535709,0.05858590798752487,0.060755577460174036,0.06279719294390297,0.06406565226811327,0.06332752974707274,0.060555040081298896,0.05698040090002439,0.052906834384560605,0.04834158887390289,0.04332815440202421,0.03747512066316827,0.03051671522750071,0.022417904456542816,0.012940701219943092,0.004989273341893801,0.0015547687145320145,0.0006753035830795543,0.00033583970679090303,0.00010751702843306156,7.907995812962457e-07
55,0.0019753113480201756,0.009723646762446136,0.013692112362475405,0.01958742807880502,0.02616287960421121,0.033538064532119466,0.0419316410888937,0.05089783642631144,0.056855971080601975,0.059801212825768224,0.06201920455838731,0.06411880675408006,0.06542833999926487,0.06468417719572812,0.06186094915698593,0.05821382658575631,0.054071400849835576,0.04944333640121712,0.04436829104787664,0.03846089476655468,0.031443294562423556,0.023298577644494493,0.013559226147558303,0.0052622941107237095,0.0016562454604687714,0.0006885922045711372,0.00034308804578637807,0.00010872508493222515,1.1300360354720423e-06
56,0.001971717132431005,0.009723646762446136,0.013787548825915978,0.019885818034119252,0.026678719729390035,0.034285851505153904,0.042935536039768664,0.0521264298860465,0.05808094037083924,0.061024974059506305,0.06328524776959911,0.06544042056425736,0.0667910277304165,0.06604082464438349,0.06316685823267283,0.0594424200454917,0.055233551202112194,0.05054266781553245,0.04540842769372909,0.03944304470044313,0.032363833614850575,0.02417562666294825,0.01417654301867382,0.0055328987665550725,0.0017577222064057568,0.0007030888825623587,0.00034792027178332744,0.00010993314143160096,2.3535226211345433e-06
57,0.001968050806998767,0.00972123064944764,0.01388660945885431,0.02019145632842895,0.027205432363062117,0.035050551269177804,0.04396238406412937,0.05338160058876504,0.05933248690406008,0.06227531253622787,0.06457907628029363,0.06679223578691573,0.06818150076105076,0.06742525739252161,0.06450176066434166,0.060706047143704964,0.05642590296686957,0.05167220064232925,0.046472725469566475,0.04044331548182035,0.03330128545826685,0.025057507907399353,0.014886880240231532,0.005869946529845376,0.001857990895843355,0.0007163775040538611,0.0003551686107791171,0.00011114119793068538,1.4313593250549827e-06
58,0.001964466670480005,0.009720022592948395,0.013983253978794139,0.02048863822724394,0.02772127248824096,0.03579833824221221,0.04496507095850511,0.05460898599200087,0.06055504008129892,0.0634978657134667,0.06584270337850688,0.0681102254275951,0.06954056432270456,0.0687843209541755,0.06581250196602552,0.061950345337930424,0.05759409360164229,0.052772740113144145,0.047505613776423455,0.04141338485071627,0.03421095200220048,0.0259019394003736,0.015668492795244744,0.006360417468540038,0.0019691320937741427,0.0007284580690465074,0.0003624169497742153,0.000112349254430237,9.742188069357981e-07
59,0.0019608606906925496,0.00972002259294839,0.014078690442234715,0.020788236239057407,0.0282371126134198,0.03654733327174592,0.04597017396587932,0.05583999556473448,0.061782425484534796,0.06472162694720472,0.06710995464621787,0.06943425535077084,0.07090566816685467,0.07014942479832556,0.06713411577620264,0.06320430798414954,0.058765908405912955,0.0538756956969576,0.04854333430927727,0.04238707838911009,0.03512303465913288,0.026747578949847146,0.016450105350258315,0.006881089819716071,0.002118931099680863,0.0007417466905384395,0.00036845723227057467,0.00011355731092918788,6.800818434646986e-07
60,0.0019572898090500037,0.009717606479949898,0.01417775107517304,0.021090250363869373,0.028758993021094893,0.0373011605272766,0.04698131725574983,0.057075837363465054,0.06300739477477205,0.0659429720679444,0.06837116563143271,0.070751036934951,0.0722635236720092,0.07150848835997942,0.06844968930388362,0.0644522303478728,0.05993409904068569,0.05497381905477378,0.04957380650313563,0.043354731645007874,0.03603028509006786,0.027588386273323804,0.017225677622775555,0.007399346057893281,0.0022675220490881607,0.0007538272555306947,0.00037449751476695584,0.00011476536742840494,1.3186664609928095e-06
